product_id,category,ring_name,center_carat_weight,your_price_usd,compare_at_usd_optional,photo_folder_optional
D019,Engagement Rings,Lab Grown Diamond Elongated Cushion Pave Cathedral Engagement Ring,1,,,
D019,Engagement Rings,Lab Grown Diamond Elongated Cushion Pave Cathedral Engagement Ring,1.5,,,
D019,Engagement Rings,Lab Grown Diamond Elongated Cushion Pave Cathedral Engagement Ring,2,,,
D019,Engagement Rings,Lab Grown Diamond Elongated Cushion Pave Cathedral Engagement Ring,3,,,
D030,Engagement Rings,Lab Grown Diamond Emerald Comfort Fit Engagement Ring,1,,,
D030,Engagement Rings,Lab Grown Diamond Emerald Comfort Fit Engagement Ring,1.5,,,
D030,Engagement Rings,Lab Grown Diamond Emerald Comfort Fit Engagement Ring,2,,,
D030,Engagement Rings,Lab Grown Diamond Emerald Comfort Fit Engagement Ring,3,,,
D033,Engagement Rings,Lab Grown Diamond Emerald Halo Pave Engagement Ring,1,,,
D033,Engagement Rings,Lab Grown Diamond Emerald Halo Pave Engagement Ring,1.5,,,
D033,Engagement Rings,Lab Grown Diamond Emerald Halo Pave Engagement Ring,2,,,
D033,Engagement Rings,Lab Grown Diamond Emerald Halo Pave Engagement Ring,3,,,
D022,Engagement Rings,Lab Grown Diamond Emerald Pave Cathedral Engagement Ring,1,,,
D022,Engagement Rings,Lab Grown Diamond Emerald Pave Cathedral Engagement Ring,1.5,,,
D022,Engagement Rings,Lab Grown Diamond Emerald Pave Cathedral Engagement Ring,2,,,
D022,Engagement Rings,Lab Grown Diamond Emerald Pave Cathedral Engagement Ring,3,,,
D026,Engagement Rings,Lab Grown Diamond Marquise Petite Pave Engagement Ring,1,,,
D026,Engagement Rings,Lab Grown Diamond Marquise Petite Pave Engagement Ring,1.5,,,
D026,Engagement Rings,Lab Grown Diamond Marquise Petite Pave Engagement Ring,2,,,
D026,Engagement Rings,Lab Grown Diamond Marquise Petite Pave Engagement Ring,3,,,
D017,Engagement Rings,Lab Grown Diamond Oval Pave Cathedral Engagement Ring,1,,,
D017,Engagement Rings,Lab Grown Diamond Oval Pave Cathedral Engagement Ring,1.5,,,
D017,Engagement Rings,Lab Grown Diamond Oval Pave Cathedral Engagement Ring,2,,,
D017,Engagement Rings,Lab Grown Diamond Oval Pave Cathedral Engagement Ring,3,,,
D025,Engagement Rings,Lab Grown Diamond Pear Petite Pave Engagement Ring,1,,,
D025,Engagement Rings,Lab Grown Diamond Pear Petite Pave Engagement Ring,1.5,,,
D025,Engagement Rings,Lab Grown Diamond Pear Petite Pave Engagement Ring,2,,,
D025,Engagement Rings,Lab Grown Diamond Pear Petite Pave Engagement Ring,3,,,
D027,Engagement Rings,Lab Grown Diamond Princess Comfort Fit Engagement Ring,1,,,
D027,Engagement Rings,Lab Grown Diamond Princess Comfort Fit Engagement Ring,1.5,,,
D027,Engagement Rings,Lab Grown Diamond Princess Comfort Fit Engagement Ring,2,,,
D027,Engagement Rings,Lab Grown Diamond Princess Comfort Fit Engagement Ring,3,,,
D028,Engagement Rings,Lab Grown Diamond Princess Petite Pave Engagement Ring,1,,,
D028,Engagement Rings,Lab Grown Diamond Princess Petite Pave Engagement Ring,1.5,,,
D028,Engagement Rings,Lab Grown Diamond Princess Petite Pave Engagement Ring,2,,,
D028,Engagement Rings,Lab Grown Diamond Princess Petite Pave Engagement Ring,3,,,
D029,Engagement Rings,Lab Grown Diamond Princess Twisted Engagement Ring,1,,,
D029,Engagement Rings,Lab Grown Diamond Princess Twisted Engagement Ring,1.5,,,
D029,Engagement Rings,Lab Grown Diamond Princess Twisted Engagement Ring,2,,,
D029,Engagement Rings,Lab Grown Diamond Princess Twisted Engagement Ring,3,,,
D031,Engagement Rings,Lab Grown Diamond Round Comfort Fit Engagement Ring,1,,,
D031,Engagement Rings,Lab Grown Diamond Round Comfort Fit Engagement Ring,1.5,,,
D031,Engagement Rings,Lab Grown Diamond Round Comfort Fit Engagement Ring,2,,,
D031,Engagement Rings,Lab Grown Diamond Round Comfort Fit Engagement Ring,3,,,
D020,Engagement Rings,Lab Grown Diamond Round Pave Cathedral Engagement Ring,1,,,
D020,Engagement Rings,Lab Grown Diamond Round Pave Cathedral Engagement Ring,1.5,,,
D020,Engagement Rings,Lab Grown Diamond Round Pave Cathedral Engagement Ring,2,,,
D020,Engagement Rings,Lab Grown Diamond Round Pave Cathedral Engagement Ring,3,,,
D034,Engagement Rings,Lab Grown Diamond Round Twisted Engagement Ring,1,,,
D034,Engagement Rings,Lab Grown Diamond Round Twisted Engagement Ring,1.5,,,
D034,Engagement Rings,Lab Grown Diamond Round Twisted Engagement Ring,2,,,
D034,Engagement Rings,Lab Grown Diamond Round Twisted Engagement Ring,3,,,
D023,Rings,14K Gold Lab Grown Diamond Alternating Baguette & Round Band,1,,,
D023,Rings,14K Gold Lab Grown Diamond Alternating Baguette & Round Band,1.5,,,
D023,Rings,14K Gold Lab Grown Diamond Alternating Baguette & Round Band,2,,,
D023,Rings,14K Gold Lab Grown Diamond Alternating Baguette & Round Band,3,,,
D021,Rings,14K Gold Lab Grown Diamond Pave Eternity Band,1,,,
D021,Rings,14K Gold Lab Grown Diamond Pave Eternity Band,1.5,,,
D021,Rings,14K Gold Lab Grown Diamond Pave Eternity Band,2,,,
D021,Rings,14K Gold Lab Grown Diamond Pave Eternity Band,3,,,
D024,Rings,Lab Grown Diamond Five Stone Band,1,,,
D024,Rings,Lab Grown Diamond Five Stone Band,1.5,,,
D024,Rings,Lab Grown Diamond Five Stone Band,2,,,
D024,Rings,Lab Grown Diamond Five Stone Band,3,,,
D032,Rings,Lab Grown Diamond Round Eternity Band,1,,,
D032,Rings,Lab Grown Diamond Round Eternity Band,1.5,,,
D032,Rings,Lab Grown Diamond Round Eternity Band,2,,,
D032,Rings,Lab Grown Diamond Round Eternity Band,3,,,
D035,Rings,Lab Grown Diamond Single Shared Prong Halfway Band,1,,,
D035,Rings,Lab Grown Diamond Single Shared Prong Halfway Band,1.5,,,
D035,Rings,Lab Grown Diamond Single Shared Prong Halfway Band,2,,,
D035,Rings,Lab Grown Diamond Single Shared Prong Halfway Band,3,,,
